"","ID","score","experience","salary"
"1",1,61.3571135131642,0.309485412435606,61077.7973763769
"2",2,65.8535304334946,0.451245826436207,62167.2707427517
"3",3,61.8574975784868,0.864336527651176,60416.9488963255
"4",4,70.5725288325921,2.51215791399591,68873.5681100029
"5",5,71.7415528325364,0.6845074868761,68964.8792173172
"6",6,62.4575059264898,0.766919690882787,60638.8439094475
"7",7,66.4693338125944,1.20504802814685,62868.4665956408
"8",8,64.7702632308938,1.26919310982339,62420.2944394146
"9",9,61.6836497373879,0.8561491726432,60337.8032814737
"10",10,73.6281073526479,2.98361553694122,70260.2910108682
"11",11,66.6125722704455,2.05841598613188,64431.4143593247
"12",12,61.5411750562489,2.68391969217919,61071.408970024
"13",13,61.2119356477633,2.05578893842176,60315.2637049567
"14",14,67.0717345685698,1.41723693860695,64565.3636565781
"15",15,71.0989175075665,2.04415054293349,67826.0559222023
"16",16,74.7073963833973,1.73374658846296,69285.4807536766
"17",17,71.3019629833288,2.54762430069968,67548.1072366713
"18",18,65.2223470294848,2.10936582670547,62888.1826286483
"19",19,73.1116014230065,1.6590507470537,69469.7697787396
"20",20,71.8321428806521,0.673245605779812,66859.1703336221
"21",21,69.743425087072,0.613533035852015,64912.0028426427
"22",22,74.087035048753,0.913700762204826,68751.535679609
"23",23,73.7737132399343,2.82654914120212,69436.6399805373
"24",24,70.9116703257896,1.86774109653197,67151.2477447249
"25",25,72.6270568468608,0.171271683415398,68564.8556094911
"26",26,69.3383978339843,1.74397216597572,63799.3205583412
"27",27,70.204524201341,1.35668939561583,68146.4812327023
"28",28,63.771147207357,1.61723881820217,62381.5795695602
"29",29,65.3167689181864,2.23482450703159,62729.860360609
"30",30,72.972385647241,1.8146397206001,70123.9139604738
"31",31,62.7664157296531,0.24778197077103,61380.4227164868
"32",32,63.12428835826,1.98390562646091,61969.6636903264
"33",33,73.3373594232835,2.09279838879593,69513.4826182764
"34",34,62.3934084838256,1.0232089064084,62618.2057822565
"35",35,66.9370758747682,1.76753464573994,63837.9972455736
"36",36,64.6151416911744,0.794238017639145,63049.1512821581
"37",37,61.1982321576215,1.1497941731941,61418.4370095185
"38",38,74.655829789117,0.0185288647189736,69091.5088304305
"39",39,66.1451719119214,1.39335228083655,66027.7737011798
"40",40,66.3307965188287,0.880407326621935,63989.1721565793
"41",41,67.7105219112709,2.04270614893176,65913.4471383943
"42",42,62.7628710134886,0.105993939097971,60601.8960678562
"43",43,66.4571482990868,1.41259381687269,65843.042526995
"44",44,68.7732903370634,0.370217682095245,65255.9446051555
"45",45,64.1776176677085,1.67695526266471,61717.0886798981
"46",46,72.5055483733304,2.9253327366896,69943.185432492
"47",47,71.9405752122402,0.13029250013642,67345.1978527253
"48",48,65.5912180310115,1.86893814406358,63759.513340955
"49",49,66.7621951778419,1.35080302460119,64279.791949253
"50",50,61.3540178858675,1.63219133089297,61517.3990991992
"51",51,67.2114249658771,0.249318049522117,62076.9543677973
"52",52,65.0510022933595,1.0171305402182,64622.5330141295
"53",53,67.0373021294363,2.76469124760479,64964.4649214418
"54",54,71.8008533301763,0.368823390221223,68486.9388437774
"55",55,74.9790781429037,1.19044000259601,70704.1238662301
"56",56,72.4401649059728,1.32619221601635,69718.4032196923
"57",57,69.3006731467322,1.94317629165016,66164.6579549484
"58",58,74.0276994481683,1.63979046768509,68217.3155358627
"59",59,69.8002301431261,1.68962391628884,66500.4294036874
"60",60,68.9705231934786,1.92788722109981,65724.279611041
"61",61,74.2901750667952,1.31385592930019,69305.3259049547
"62",62,62.2508825515397,0.425689793424681,61463.4268471792
"63",63,63.2172831227072,0.161105026490986,59832.4662505474
"64",64,62.7122698430903,0.706000527832657,60865.267899683
"65",65,69.088980272878,2.27451329841278,65564.2451046776
"66",66,68.2134872148745,2.74488483206369,65331.6129535329
"67",67,73.1636923318729,1.22041309252381,68875.3786228118
"68",68,64.6948768878356,2.90392337855883,65219.6075196943
"69",69,67.9332030043006,2.57839192729443,64708.1703675227
"70",70,66.9873369843699,1.02860915567726,64199.9629472096
"71",71,61.7727574268356,2.87266598618589,60913.7128137692
"72",72,64.0473002814688,1.57219006097876,62458.6747495603
"73",73,71.3096510497853,0.692234669113532,67610.4210668791
"74",74,72.3853230625391,0.530746167059988,69032.6483902217
"75",75,73.6027084961534,1.03066000831313,69186.9928768195
"76",76,72.3845291147009,1.49706437671557,67873.0303375702
"77",77,64.0916601130739,0.740908070001751,62922.4042007296
"78",78,63.6949437437579,2.87263155682012,63776.8338097466
"79",79,72.3840397400782,1.48848908557557,68322.8533916999
"80",80,64.6454762225039,2.88081463007256,61753.098659254
"81",81,69.0995491016656,2.39878164790571,65879.8387327376
"82",82,72.7875412325375,1.44455239316449,69324.0700241041
"83",83,68.6830628672615,1.45598826021887,64674.9315231833
"84",84,62.2022332600318,1.87146787438542,60790.8170868483
"85",85,62.7564936992712,1.60552183329128,60833.8106733253
"86",86,62.5373206613585,2.03337520756759,62276.6055647902
"87",87,61.3855974096805,0.451056903228164,59333.7122333804
"88",88,68.7342116227373,2.08532830886543,65927.2491408385
"89",89,66.4885807354003,1.83287952141836,63234.7225836653
"90",90,64.1259944667108,2.3005562745966,63019.8464188279
"91",91,64.1574027687311,1.24161357223056,61566.4614912541
"92",92,70.4299114546739,0.202205679612234,67304.6811474584
"93",93,62.1692297542468,1.16359177138656,60604.2500938535
"94",94,62.2183435070328,1.41989318886772,61788.6382096184
"95",95,74.1282593747601,1.07627937896177,71112.5477862087
"96",96,64.1096267318353,2.58655811590143,64043.7255196467
"97",97,68.5342707936652,0.860732759116217,65722.835992433
"98",98,66.8771830992773,0.513705746037886,63648.5094211277
"99",99,70.237615570426,2.20014964439906,69032.9005870909
"100",100,66.4908558391035,0.73206189321354,63263.3565539633
"101",101,71.615207855124,1.54251240589656,68522.7042042024
"102",102,61.2032253192738,0.963366300333291,61915.8791984378
"103",103,66.138595323544,1.21394936484285,63044.4981874207
"104",104,71.4199219360016,2.36899454891682,69699.3130508278
"105",105,64.9902220023796,0.453578693093732,61496.4241083378
"106",106,71.1978883552365,2.74686586484313,68781.0444778448
"107",107,67.104410615284,1.74239000631496,64787.8722818447
"108",108,73.5310262194835,0.775933112483472,68698.1634388257
"109",109,74.3145361226052,1.15178960957564,69502.3894759683
"110",110,71.7738263020292,2.29899369296618,67872.5760603964
"111",111,69.7691977480426,1.53910829359666,65733.733429661
"112",112,66.3373907906935,1.57188160833903,62424.6726895866
"113",113,71.6548065715469,0.422662836732343,67899.3057940114
"114",114,70.6430722405203,1.82206483441405,69133.9605849931
"115",115,70.7340562180616,1.72437668102793,66336.9879792488
"116",116,70.6973348413594,1.28504693624564,66659.5409281507
"117",117,69.3795086597092,0.889143274398521,65014.6946312763
"118",118,72.139324917458,2.17301595699973,68997.3368514303
"119",119,63.0650123991072,1.35014917608351,59922.4192732497
"120",120,73.4258102811873,1.44126085960306,69061.8413015244
"121",121,65.5408595073968,2.24613528745249,62668.5602354426
"122",122,70.0324291670695,1.3400202956982,66145.639229733
"123",123,68.1059018685482,1.43064434174448,65349.0544308291
"124",124,61.2425092174672,1.36355133354664,60681.2800098447
"125",125,66.253454932943,2.05655442480929,64686.2195025077
"126",126,61.2804244691506,0.167824463685974,61810.7144556814
"127",127,65.0755495489575,1.81813417933881,61689.4700115032
"128",128,67.033001058735,2.60624705068767,63597.5642930028
"129",129,74.0052081677131,0.63676317804493,69867.231579837
"130",130,61.2031587380916,1.0099005822558,62022.567039249
"131",131,66.4172410750762,0.899914545938373,64272.5065605368
"132",132,65.2529617454857,2.93305691611022,63473.9560227946
"133",133,70.2910725050606,0.0262045150157064,67666.2478179016
"134",134,72.1067289435305,0.290121364407241,68632.3967885663
"135",135,67.6141183539294,0.201569507829845,64689.253522669
"136",136,71.7362430696376,2.64193633804098,69948.8671519937
"137",137,61.5467524281703,1.34740900131874,60721.6081996726
"138",138,68.0846938095056,0.815415001474321,63159.62345746
"139",139,61.0814691530541,0.244378966279328,60232.7690817319
"140",140,73.547346859239,0.401586461579427,69782.8909088194
"141",141,73.7772450936027,1.91738221608102,69446.1485991871
"142",142,64.4546020710841,2.95675150724128,62797.8719777152
"143",143,70.4036923386157,2.25961574865505,67993.4404355146
"144",144,63.456286273431,0.712864398490638,60876.3086675276
"145",145,63.6958532780409,1.81633937847801,61971.3486707349
"146",146,63.8834043289535,2.4492119110655,64053.8513154993
"147",147,71.8677312396467,2.6777812584769,68913.7675320672
"148",148,62.4518186887726,0.198698478285223,61762.3145333719
"149",149,63.103300311137,2.00378134218045,61762.4728629337
"150",150,67.9183323616162,2.14227301022038,64785.1411767813
"151",151,66.9628913868219,2.5600168320816,64608.329743595
"152",152,71.2960276976228,2.22214868618175,68886.8260030395
"153",153,70.1948263845406,2.66363143315539,68186.694367283
"154",154,65.1387427118607,2.98952435189858,64418.5513404447
"155",155,73.5777824944817,1.24068767298013,69860.1032575077
"156",156,68.8733211345971,2.09146275906824,64936.2214353816
"157",157,62.4853899078444,1.11135905329138,62040.3862994206
"158",158,68.3063238286413,2.45391507167369,66132.8595187638
"159",159,68.9132278370671,0.356536952778697,64855.2543194512
"160",160,67.245219391305,0.96909242682159,64403.2684545489
"161",161,64.5352886850014,2.61292473901995,63606.6698996119
"162",162,66.2661082325503,0.888100193347782,63128.6132733931
"163",163,61.468558723107,0.83566359593533,61602.3852693447
"164",164,69.2636694698595,1.74878101749346,65350.9515865969
"165",165,72.0617763255723,1.43043720256537,68584.0256829912
"166",166,73.7007520576008,2.20260575087741,69279.8391391776
"167",167,72.3271357705817,1.24732242361642,68796.8818049863
"168",168,61.9224323872477,0.900434273527935,62469.7380783694
"169",169,61.7055418654345,0.98294461145997,60377.3308705066
"170",170,74.3865497177467,0.444846828700975,70163.834680315
"171",171,74.0096143255942,2.18660715571605,68402.2008816264
"172",172,74.8534757741727,0.014347281306982,69768.6913808362
"173",173,72.2854969664477,0.56247622333467,69225.6889661912
"174",174,66.1013056077063,2.68368291459046,64668.7448570636
"175",175,71.8281050380319,1.87900722865015,71130.184732561
"176",176,61.8081323257647,0.52746319421567,60709.3911132512
"177",177,69.4548214720562,1.42396266432479,66151.4434140907
"178",178,69.4440057296306,1.37294838787057,64304.3433006297
"179",179,73.3447586148977,0.599020150490105,68479.5333038223
"180",180,74.1523798080161,2.93938887049444,71862.8577021031
"181",181,71.8971510278061,0.636068511754274,68940.369977273
"182",182,73.4578775693662,2.18150288821198,69533.1926895949
"183",183,72.4130836636759,0.31435164436698,68883.2339867394
"184",184,71.2862089681439,0.246959172422066,68572.0657833431
"185",185,72.161189918872,0.611788371345028,69384.2986921385
"186",186,70.7414157628082,1.89264668547548,69261.8011819913
"187",187,61.5923793297261,0.793569097062573,61449.3769083701
"188",188,70.9759117690846,1.71746008051559,69105.3745874199
"189",189,64.7701707161032,2.03417823230848,63470.8373034889
"190",190,67.9195855944417,2.56311252177693,63803.3068023562
"191",191,68.4583274875768,1.14002512721345,65539.9324369066
"192",192,74.8335349969566,1.59170205937698,69132.7610853451
"193",193,62.1601558988914,0.58992953854613,61054.6006474223
"194",194,71.0323472451419,2.3734581344761,68831.7692174492
"195",195,62.3707383377478,0.71238241600804,59804.9749832552
"196",196,72.149941900745,0.585355542367324,69334.194891399
"197",197,73.4797309762798,2.30343467392959,70282.7320938927
"198",198,66.4497689814307,0.0823411855380982,61437.5503508833
"199",199,63.7241732282564,1.13777183834463,62616.1018549277
"200",200,74.2291614059359,2.14551571989432,71506.018611523
"201",201,71.7419184586033,2.44078243570402,68132.3446702114
"202",202,73.4023830113001,2.81352142919786,71355.8403596583
"203",203,63.7863087458536,2.05131215904839,61529.2041889758
"204",204,62.1956864288077,1.37093951110728,60499.8333905536
"205",205,62.59009914333,1.58388641173951,61627.4381874103
"206",206,65.3961711665615,1.39749416895211,62681.3336179439
"207",207,74.4512502145953,1.63307989016175,68350.304902112
"208",208,63.7657143706456,0.255548167973757,61519.9413118232
"209",209,62.2886574110016,1.84720117296092,61621.1186615542
"210",210,63.1303429855034,2.37786931917071,61787.7779986219
"211",211,64.6228755358607,0.580005844356492,62330.8324984425
"212",212,72.8224666481838,1.03316767187789,68626.1048939841
"213",213,62.2676164568402,1.13999010692351,61050.8292659755
"214",214,61.9522964726202,0.0603047737386078,60410.4404706792
"215",215,67.550506638363,1.44733814452775,65119.331746904
"216",216,67.1681908862665,0.346330087864771,63203.727338193
"217",217,73.0574820372276,0.946415194775909,69357.6152542546
"218",218,65.281856498681,1.68620990985073,63436.8405276638
"219",219,67.1908375434577,0.526270522037521,64946.4261368092
"220",220,63.6839271332137,2.35812588175759,62649.5693792484
"221",221,67.977052198723,1.54113516910002,63414.7250661264
"222",222,72.1721681733616,1.42288403282873,69052.7721142334
"223",223,74.9046242688783,1.21545078232884,69778.715820059
"224",224,67.312955411151,1.40148020256311,63402.7650716019
"225",225,62.7147726612166,1.76104673137888,61830.136035707
"226",226,63.7856058655307,0.980756087461486,62157.708951924
"227",227,64.0734426169656,2.46861565648578,61876.1054346378
"228",228,65.3926763194613,0.640292903641239,62287.4941878653
"229",229,69.0548957078718,2.45923628937453,65507.6947917839
"230",230,72.1535275317729,1.46871210727841,69682.7348326851
"231",231,65.0315969851799,0.906962615204975,63570.2446848681
"232",232,64.483662749175,0.426457986468449,61640.2693278029
"233",233,63.6403173226863,0.0616781171411276,62171.4833765756
"234",234,66.4153682389297,0.745921122841537,64421.5026911925
"235",235,71.3773331521079,1.36596207437105,67128.4278445466
"236",236,68.3234087275341,1.37922366871499,65407.9355108233
"237",237,67.7102067051455,1.29779991391115,62909.8794922036
"238",238,61.3999998881482,1.05124991596676,60881.1705584579
"239",239,72.9910917878151,0.409436502959579,68605.4616780751
"240",240,74.4312030333094,2.57403324614279,69770.4670937948
"241",241,66.0739155416377,0.373897139215842,63420.1220487288
"242",242,70.8967107017525,1.10122538055293,68289.3642450575
"243",243,72.7072262456641,2.97322774655186,70051.5524390929
"244",244,74.7009961670265,2.67754352116026,71924.7595542981
"245",245,72.9399463245645,2.35664079361595,70734.7588344049
"246",246,71.6537014856003,1.51770463725552,69583.496826993
"247",247,68.3632718226872,0.796057377476245,65271.7216844731
"248",248,67.3292629374191,0.21900998800993,64868.2917368769
"249",249,68.5416916846298,0.756705750245601,63088.8456469002
"250",250,74.7820881940424,0.519050699193031,70548.8448557614
"251",251,71.2404226316139,1.74651984195225,68736.0857238434
"252",252,70.7285061618313,0.432993134250864,66897.6248892545
"253",253,68.5577532751486,2.89780604629777,65192.6037953397
"254",254,72.177120925393,1.36995359393768,68611.7877760868
"255",255,67.7776528201066,1.11199000594206,64644.1422226759
"256",256,64.2801201636903,0.0935387627687305,60592.4109272321
"257",257,63.2546914368868,1.84996441123076,63176.9941577369
"258",258,69.5053020752966,2.20875559304841,65549.9467923046
"259",259,64.2793175745755,2.53476307215169,64816.9855881097
"260",260,67.697993716225,0.302156585035846,61326.3786460789
"261",261,71.0815701922402,1.72409416618757,70054.4425794006
"262",262,67.4638495966792,1.82947334437631,63563.6418681367
"263",263,67.9538260251284,2.57019304926507,64062.3746373976
"264",264,66.0884520169348,0.534300840692595,62792.3714015267
"265",265,69.3649029466324,1.27393297408707,64954.6530990188
"266",266,73.138249959331,2.57838248647749,69013.1050385211
"267",267,63.1964405104518,1.98276068503037,62675.0393928894
"268",268,65.5232905144803,0.863137810723856,63415.0688787756
"269",269,74.3005590257235,0.113036033464596,69363.0665504302
"270",270,72.174359172117,1.0701343389228,69005.3787166287
"271",271,74.1073736799881,2.86386166722514,70650.7551876371
"272",272,62.3051262660883,1.78851648420095,61122.8696668285
"273",273,62.1223757588305,0.821566588478163,63055.0519293098
"274",274,61.6245538825169,2.73898856481537,61893.0546626757
"275",275,62.6957869748585,2.40547203761525,63087.9051923403
"276",276,67.1312545305118,2.3383342246525,64396.4296203054
"277",277,64.5260650170967,0.517536151455715,61944.248171111
"278",278,64.7584261326119,2.36972074932419,63973.0540229216
"279",279,63.7728340718895,2.00210137967952,61620.074602164
"280",280,63.780186096672,1.71737069450319,62098.2431294306
"281",281,65.586810217239,2.12616444658488,65399.4440833803
"282",282,67.6920269359834,2.92865677247755,64722.5811216636
"283",283,69.0764093603939,2.06670703995042,65559.5497894711
"284",284,74.4622541288845,1.02812017709948,68800.5433357153
"285",285,71.4453970286995,0.692063540685922,68137.4832893686
"286",286,70.1777246529236,1.99932624958456,67076.1908992658
"287",287,72.5477776788175,1.86400068481453,69143.0373769891
"288",288,67.9275737912394,0.931407144293189,64255.2266014861
"289",289,72.4262989624403,0.895419833483174,66933.6143956436
"290",290,71.071601474192,2.03810406010598,68604.3358521387
"291",291,66.2111238748766,1.07677299762145,65029.4447141266
"292",292,65.8565317629836,0.757931840373203,63359.8058169707
"293",293,72.5955683644861,1.35427789133973,68652.4053016355
"294",294,73.6604126850143,0.905217551859096,68666.2417255268
"295",295,64.2712062387727,0.059111773269251,62018.5707058999
"296",296,64.8489791839384,1.90140016120858,63803.5281197775
"297",297,68.6878058458678,0.908182502025738,63758.8502530576
"298",298,68.5785800586455,2.7933226749301,65554.7523292181
"299",299,73.7013527126983,1.93646643566899,71305.4353062351
"300",300,68.075346366968,0.291277430718765,64699.2943930672
"301",301,70.9851519372314,0.670575763564557,67170.498151281
"302",302,66.1453459761105,0.241236825473607,62569.6647638599
"303",303,64.0701970304362,2.11281435121782,62959.0230677921
"304",304,68.5219090515748,0.58711351105012,66124.5987795063
"305",305,71.9843865721487,0.933007967658341,68396.8415688641
"306",306,65.057058325503,1.38402162445709,62725.1763103313
"307",307,64.2724942388013,0.600595610914752,61865.1961402722
"308",308,70.1974662179127,0.709371565142646,66481.655958626
"309",309,70.3191836075857,1.98817480285652,67264.4386759795
"310",310,64.9627216956578,0.16978017333895,62319.664676509
"311",311,74.7983820331283,2.03987589315511,70044.2975596528
"312",312,68.4117787531577,2.84080956783146,66422.8266149303
"313",313,69.5978373722173,0.949140726355836,64058.2339668431
"314",314,73.7665955531411,2.2206343060825,68665.9497577608
"315",315,71.8650724026375,1.71122937113978,69738.9472258428
"316",316,68.7810896513984,2.03506120014936,64918.6311970037
"317",317,64.6713265734725,1.04931774060242,61893.6134669068
"318",318,73.9771303818561,1.59118054714054,69201.7291426626
"319",319,72.1593734351918,1.55383404716849,69758.5595922106
"320",320,74.9186023306102,1.03463337616995,68727.0811513991
"321",321,74.8440086706541,1.66175487753935,69665.619751698
"322",322,69.4473998052999,0.788834972307086,64534.6614948027
"323",323,62.2726186346263,1.18959050229751,62219.1729400364
"324",324,64.2050527068786,1.93515437375754,62717.4811890922
"325",325,74.8121584639885,1.75113169639371,69401.5686176588
"326",326,62.0902772629634,1.76948355766945,62277.8385251783
"327",327,68.6878803642467,1.78373712161556,64961.2597252466
"328",328,68.0145626044832,0.822039387188852,65111.3695892745
"329",329,64.4451331649907,2.53904669336043,63182.2005228151
"330",330,68.9991666194983,2.15625579748303,64757.3978210138
"331",331,72.9350173156708,2.10322183510289,68940.5770159881
"332",332,73.0185537743382,1.4876030178275,69517.8552519615
"333",333,62.2048071576282,1.67270001699217,61292.4622465587
"334",334,64.8050288595259,2.20206389785744,63857.8542106175
"335",335,74.528344896622,2.43250896851532,70945.4312986049
"336",336,66.3633975321427,1.43173046247102,64272.2628851299
"337",337,64.0708815851249,1.21830899175256,64011.8191700124
"338",338,65.9961058828048,2.87280479329638,63619.8118955218
"339",339,67.8864585487172,2.31846401654184,65086.378529111
"340",340,65.8276574965566,2.04698120593093,63396.3101274313
"341",341,71.1846607546322,0.238292214693502,68936.5478887021
"342",342,64.7216375847347,1.55581926740706,62370.0733643434
"343",343,64.4115198119543,0.745252002496272,61956.3222261301
"344",344,64.97814835608,2.82803189638071,63785.0041870696
"345",345,63.8192321201786,0.84013125509955,62925.8335777656
"346",346,74.9534109472297,2.00121207092889,70250.0075053725
"347",347,64.6267562578432,0.0478204835671932,62951.2392618452
"348",348,65.8154897806235,1.72874184488319,63543.3181858261
"349",349,73.9498125980608,2.07450225041248,68200.5610076641
"350",350,71.2685900768265,1.48073010519147,68479.8521542093
"351",351,64.561570734717,0.0841419780626893,62147.1622040362
"352",352,73.8202505167574,0.664596296148375,69795.9191622548
"353",353,74.2527031996287,2.81550221540965,69883.9139792711
"354",354,68.7847928018309,1.4109105693642,65750.2623875149
"355",355,68.6478204918094,2.26157902576961,64222.9336041829
"356",356,62.128723084461,1.26880662655458,61436.152135839
"357",357,72.8193891672418,2.42212561494671,69013.9796893279
"358",358,71.1053680134937,0.213210429763421,69060.7241629928
"359",359,74.1587725696154,0.749740282539278,70844.9608096743
"360",360,61.0620067361742,2.3734267721884,60414.1046406909
"361",361,62.6281183119863,2.1018033104483,63650.8589435554
"362",362,62.4317097570747,1.9826846353244,62697.1556762459
"363",363,73.5650386782363,2.81532816868275,69588.3996778564
"364",364,74.7373023582622,0.878473669756204,69966.0359179716
"365",365,61.6239755363204,2.14811553619802,61154.0759344867
"366",366,66.9158597872593,0.549809882417321,63195.7964069786
"367",367,72.6090421029367,2.55686144647188,69590.0805912534
"368",368,71.2964254016988,2.39099506870843,68627.3453155208
"369",369,65.5869283918291,2.63693798985332,62982.5430932546
"370",370,70.7446566196159,2.13664617366157,67066.8368716516
"371",371,65.9617367358878,1.52377845696174,63382.6749948123
"372",372,61.8762562382035,0.3560756505467,60883.2165672521
"373",373,66.1201787749305,0.985331173986197,63662.1438747093
"374",374,70.4596584867686,2.03957500657998,67790.8483248025
"375",375,64.6418305262923,0.293315146816894,62317.5740182878
"376",376,68.3982851114124,2.40094595658593,64416.8912935228
"377",377,71.903433023952,1.77409523888491,69250.0124862929
"378",378,71.6364868013188,1.27489520399831,68136.5384817633
"379",379,68.8302161167376,0.921075427439064,65019.0347192203
"380",380,68.0333424257115,0.320016109384596,63370.8442338826
"381",381,70.854066174943,1.71438513253815,67302.8828222611
"382",382,63.5282275211066,0.140894362935796,62340.9010692347
"383",383,68.7803657986224,0.655473046470433,63330.5580402646
"384",384,61.3734087441117,0.879034294746816,61196.3409551432
"385",385,65.5193707160652,2.90115359681658,62985.5410633795
"386",386,65.5047347568907,0.16838491614908,62726.826438284
"387",387,68.5487554832362,1.75538343074732,65210.294324951
"388",388,62.9336901637726,0.641434588003904,61238.0166602569
"389",389,68.5424628085457,0.0352514572441578,64228.4406547952
"390",390,68.4433517153375,0.849924341775477,65378.1165738161
"391",391,74.0864945207722,2.7458970034495,69785.208301346
"392",392,74.2193493391387,0.311779364012182,69220.3847995754
"393",393,74.1698796185665,1.26888390560634,68441.375683351
"394",394,67.6389064602554,1.7344652954489,64560.9260660667
"395",395,70.142609288916,1.26705464813858,67716.0354146237
"396",396,61.3310890588909,0.548372544581071,60593.8369058708
"397",397,69.3042638367042,2.62979574990459,66084.5331370577
"398",398,74.729515987914,2.06015436211601,70084.6708633103
"399",399,71.9132316382602,2.44081371766515,69526.3925907209
"400",400,66.2489247266203,2.86755157238804,65575.7070862247
"401",401,68.1542695933022,1.32345989788882,63331.485239898
"402",402,62.4740150510333,0.304100824752823,62418.5208371923
"403",403,73.926085034851,1.30088442354463,71090.3681744738
"404",404,66.008184268605,1.28002742934041,64385.5472319408
"405",405,74.1491958447732,1.70717668184079,69846.7401563627
"406",406,63.7544092503376,1.19291850132868,63019.1027628047
"407",407,73.4846288817935,2.43393031088635,70293.6432535807
"408",408,67.7682490283623,2.12857731082477,63713.1299750599
"409",409,63.4424419607967,1.9516569385305,61382.1195762464
"410",410,72.6035328735597,2.25206254399382,68505.3715030992
"411",411,66.6826066188514,1.30913678719662,63539.7625585956
"412",412,70.4703906392679,0.236114043043926,68068.8900399896
"413",413,70.2282425398007,2.49758561560884,68472.1637486557
"414",414,64.6733557870612,1.15421860967763,64141.4111883305
"415",415,61.8237516367808,0.755219077225775,61036.0403552851
"416",416,73.2713248385116,1.2376548810862,69357.5159913815
"417",417,74.6487123207189,0.423931557219476,68276.5362362142
"418",418,73.8343676994555,0.24670765385963,68729.3997047997
"419",419,64.7589716804214,2.96624012477696,63193.54772929
"420",420,62.0222513806075,0.345055963145569,61670.6977011502
"421",421,71.4807183556259,0.991614648140967,66872.8743775025
"422",422,64.457449764479,0.950342810712755,61706.2053700874
"423",423,71.4498785459436,1.62646572478116,68945.3345502317
"424",424,66.0986398048699,0.264493506168947,62608.3674185468
"425",425,71.9822190753184,0.627826042938977,68526.4051088249
"426",426,67.5724790641107,2.40285000368021,64449.290225147
"427",427,74.3721803212538,2.19785559084266,70943.8759778317
"428",428,72.5646007610485,0.784130678744987,68977.7273025241
"429",429,70.8569610384293,0.303196607390419,68210.8419737745
"430",430,69.9549310603179,1.03931097616442,65528.1644374085
"431",431,66.7614222546108,1.22553918161429,63162.8325909856
"432",432,70.7242408981547,1.75445056683384,68013.6604139501
"433",433,63.8370316927321,0.793086809339002,62364.1386627326
"434",434,64.6224582251161,2.29472801461816,63160.4239312126
"435",435,71.0058790021576,0.0842413553036749,67502.1288777296
"436",436,61.3122713444754,2.17807620554231,60081.6345422
"437",437,70.5141610777937,0.723084442550316,67219.4689515362
"438",438,63.663874967955,1.5459791268222,61404.6999293069
"439",439,65.6285294983536,0.436854660976678,63632.0516400301
"440",440,73.8960919398814,0.821611766936257,68990.5532015268
"441",441,70.7946846690029,1.11904990486801,66042.8302788933
"442",442,68.4275373644195,0.216859871288761,64951.8870952412
"443",443,74.2049887175672,2.57398531981744,70831.2489447645
"444",444,68.3138148668222,1.94623982906342,65697.1766751392
"445",445,62.6804076116532,1.3923342525959,61436.879642212
"446",446,62.3198804324493,2.7717143339105,60686.8757723599
"447",447,62.4850850086659,0.551321606850252,61367.4634828436
"448",448,65.8288957774639,1.66199237317778,65198.946631472
"449",449,73.362617040053,0.676395177841187,68662.4418878499
"450",450,66.1514268824831,2.01928684045561,65197.345433643
"451",451,66.2697360790335,0.216599451843649,62431.122143516
"452",452,73.2359486161731,0.868834115797654,69600.8134869167
"453",453,62.326369180344,0.298254091059789,61461.7026783657
"454",454,66.3255070536397,2.11673136125319,63359.8239873227
"455",455,64.9525316944346,2.72801558068022,62614.3248496724
"456",456,66.2093213652261,1.88374195829965,64037.5694881069
"457",457,65.5851875348017,2.30055361893028,64792.1690223602
"458",458,69.6206132606603,2.77341963211074,65546.2409905846
"459",459,71.530972274486,1.18587998463772,67937.6540721495
"460",460,66.5556985274889,2.55814378196374,64328.2624866678
"461",461,69.5740732587874,1.10720609757118,65250.774069525
"462",462,73.6562870671041,1.49936722917482,69642.7415936347
"463",463,66.8259763908572,0.861540023703128,62836.904118225
"464",464,73.9785505500622,2.92522151581943,70559.2923795483
"465",465,67.2042026254348,2.14326278725639,65003.8593300459
"466",466,67.7733900402673,0.656163884326816,63706.3691813124
"467",467,68.9116275450215,2.40937200095505,65744.2296959565
"468",468,65.7047068490647,0.767769192578271,63002.4344764442
"469",469,63.6117205452174,1.31572273629718,62031.562927594
"470",470,66.3709777276963,0.534235648345202,64541.4080741143
"471",471,64.6823898325674,0.0696718620602041,62078.7019978187
"472",472,66.6627431632951,1.59259096509777,64178.0967658006
"473",473,70.2492456887849,2.05239733122289,68939.7485201956
"474",474,67.7243268475868,1.11888693412766,63994.8710110517
"475",475,62.5579328895546,0.241691314615309,59957.2121343034
"476",476,69.1572858085856,0.462961112614721,64324.7538586266
"477",477,63.8677744730376,1.17772674816661,63017.2941165433
"478",478,63.7565040802583,1.71299988753162,62102.6533116859
"479",479,67.3062881985679,1.57169443974271,63764.8866140563
"480",480,67.086091291625,2.09509186958894,64419.3037075489
"481",481,73.0117040583864,0.95027816738002,67839.3127348108
"482",482,63.4933280325495,1.3446150762029,61354.0896029477
"483",483,65.5424647931941,0.446515216492116,63714.9829131804
"484",484,71.3766515995376,2.56314234179445,70338.2202647426
"485",485,68.08671225328,0.736353769199923,64795.6580694774
"486",486,66.9427638589405,2.7104449456092,63679.0680222524
"487",487,74.7046697363257,1.6113977918867,69429.9690050701
"488",488,65.8408187343739,1.3964183202479,64105.1737606223
"489",489,69.2697989935987,0.566438261652365,64735.4969688578
"490",490,66.4580549746752,1.14218748989515,64943.6508294638
"491",491,67.5963598689996,2.66148016531952,65114.1224048118
"492",492,73.0512954113074,2.32870989851654,69110.2145933185
"493",493,67.2682075891644,0.0253387140110135,63397.2562365382
"494",494,62.8872652626596,0.664917577290908,61822.6122385303
"495",495,68.3149131271057,0.428506308468059,65134.0477123664
"496",496,72.101543284487,1.98464362020604,69191.4634491466
"497",497,61.7326757311821,2.61322662024759,63231.5677946474
"498",498,67.2878089868464,0.275158690754324,65031.116329689
"499",499,74.4128683046438,0.638888287357986,70331.7539795196
"500",500,69.4656841922551,2.41180320479907,65810.6554439016
"501",501,70.2485502078198,1.71034870133735,67709.859333159
"502",502,63.3817279217765,0.264718609163538,62896.1941063587
"503",503,73.3222601045854,2.38520938670263,69229.7316792106
"504",504,64.3028045087121,0.269158077891916,60504.78775675
"505",505,65.6421696702018,1.47548875305802,62364.1073342651
"506",506,72.74023475172,0.594040099997073,67883.698421274
"507",507,65.1120228418149,2.19993581506424,62810.9709897604
"508",508,65.2324180966243,2.29489425569773,63728.2552853527
"509",509,73.4113842877559,0.217501139966771,67995.2963901862
"510",510,66.5388937871903,2.89788641477935,65566.8132150409
"511",511,64.654294249136,1.07871760963462,62574.2877762672
"512",512,70.3950845221989,1.50982615607791,69056.8090476727
"513",513,62.682177127339,0.509822152554989,61157.1907177405
"514",514,67.1434718579985,0.353002953110263,64224.3783633021
"515",515,68.6712581925094,2.66930068982765,65440.8915110218
"516",516,61.1549994177185,2.22675001155585,61604.2765058019
"517",517,66.0756806144491,0.555381723213941,63975.9377685651
"518",518,64.5145127940923,1.95624915556982,62667.3199269354
"519",519,69.2517137471586,0.449076533317566,63602.2447857875
"520",520,66.0350875123404,0.0266152890399098,63825.5311068751
"521",521,64.3029073239304,2.17971840058453,63023.3460981265
"522",522,65.376913363114,0.674276226432994,61069.633213714
"523",523,67.0905787250958,2.9784780764021,65971.7052074229
"524",524,64.92371100327,1.19734894344583,61839.2032534335
"525",525,67.2720407694578,2.29235818376765,63495.5933530758
"526",526,65.4099429883063,0.25320006441325,62704.1344969167
"527",527,73.1633307086304,2.48613844625652,69051.108216405
"528",528,68.6594452415593,2.13470951956697,66930.8121640125
"529",529,61.38302723784,0.921805158723146,59509.2260497974
"530",530,66.1894346489571,0.131990737980232,63260.7071631332
"531",531,66.2819023118354,1.40816694754176,63385.378421808
"532",532,68.7422918584198,2.44435501936823,65607.6137649712
"533",533,67.2342306375504,1.02968185418285,63914.1322163027
"534",534,69.74459315883,1.38621167256497,65285.816198724
"535",535,70.5337154814042,1.34954565390944,69390.0180846986
"536",536,65.6028360170312,2.13639210211113,64305.1648606817
"537",537,70.3251902139746,1.5255984950345,68009.0006161146
"538",538,66.8600339726545,2.08010663534515,65177.693419505
"539",539,69.5670261299238,0.858568539842963,63367.1165194366
"540",540,70.2515574437566,1.71106827515177,68293.2251394276
"541",541,68.1754801655188,0.26556235528551,64829.1852882841
"542",542,61.6280727335252,2.81956170941703,61891.0593495234
"543",543,69.0728356074542,0.632300969911739,65786.9803219242
"544",544,65.7598985712975,0.793226955458522,63918.8386897676
"545",545,65.6494558537379,1.96536208293401,62839.4413253921
"546",546,66.3635566118173,1.04263472976163,63434.8705046119
"547",547,66.7740148175508,1.38246832508594,64325.9651946135
"548",548,71.979006420821,2.95222082175314,68344.3157643124
"549",549,70.4070835229941,0.91303995042108,67326.3167792186
"550",550,62.0914333718829,2.99237579293549,61782.3387362195
"551",551,61.0022901860066,0.669030217453837,60043.8582995792
"552",552,62.739340481814,1.63618502905592,62799.9282784216
"553",553,69.0695127840154,2.52071445761248,65850.1625422607
"554",554,71.1638008435257,2.12504794076085,67794.7486857826
"555",555,69.9588298830204,2.35461946134456,66352.86634032
"556",556,72.1566796354018,2.58880100771785,70096.7056583878
"557",557,74.1736893490888,1.25633875164203,70073.9284477259
"558",558,61.114823339507,1.38667983398773,60668.584361308
"559",559,71.0314880851656,0.409971038578078,66973.5243992571
"560",560,64.5302031422034,1.78243541135453,63753.3063881074
"561",561,74.812253377866,0.628558015683666,68876.5265324011
"562",562,74.8933378034271,0.938498863019049,70066.7804539148
"563",563,67.4733116966672,0.509064542362466,64691.9810564486
"564",564,66.7808792018332,1.46521266899072,64323.1214466963
"565",565,62.372531009838,2.67873693723232,63435.4983180823
"566",566,69.769890468102,2.08086647232994,65379.8981218986
"567",567,68.9501992566511,1.49559970689006,65347.9232290629
"568",568,72.1541482629254,2.63983160303906,68552.2351253177
"569",569,72.2847018223256,2.52554314560257,69518.235568626
"570",570,70.91532420367,1.23176589072682,67375.242667369
"571",571,65.7213375349529,0.365127272671089,62804.6581364656
"572",572,71.3433310622349,1.20958584244363,69173.8825357923
"573",573,68.7095202980563,2.98988782963715,66514.8362969772
"574",574,66.7596905017272,1.91076945327222,63767.1342936172
"575",575,70.8001104160212,0.830893288599327,67356.9823794542
"576",576,68.3852220308036,1.3197044224944,65771.2385702735
"577",577,64.959919963032,2.27393617923371,62746.3493352376
"578",578,74.6836078227498,2.8900656409096,70852.9840226043
"579",579,65.4587101642974,2.5678577281069,64576.1731536493
"580",580,65.8856050819159,1.38448815280572,62814.8020514436
"581",581,68.7087170863524,0.775554680032656,65103.5153939408
"582",582,61.5207858746871,2.21736091515049,61438.9029787521
"583",583,66.0853912513703,2.58659271290526,62888.3624478029
"584",584,61.5339578855783,0.672136448789388,61478.1561866625
"585",585,65.5599880209193,1.29721002979204,64020.1058815571
"586",586,64.3045849213377,0.941735934466124,61343.5713645828
"587",587,62.5949821523391,0.603618833469227,62091.6644858148
"588",588,61.3883841577917,0.645342282950878,61684.0612627509
"589",589,66.3867721655406,0.835372352739796,64059.1826665
"590",590,71.2743706703186,2.55384647799656,68790.9400954649
"591",591,71.3264169516042,2.662065039156,66715.2995227154
"592",592,62.0444844136946,1.18415032234043,63288.2296168785
"593",593,67.6063317554072,1.38995377393439,64030.0766586461
"594",594,66.1195047944784,2.73858288978226,63980.5626093986
"595",595,73.9043622184545,2.62996648298576,71402.6315589248
"596",596,70.795219711028,0.424060647608712,67358.7956918793
"597",597,64.2831481569447,0.337552442215383,61441.3455365406
"598",598,70.1420875689946,0.921937928767875,67725.9044401929
"599",599,66.2248483374715,2.4504616598133,64558.7253283268
"600",600,67.8662052741274,2.41592474794015,64696.4859171295
"601",601,64.8508061310276,0.772111130179837,62022.0965198785
"602",602,73.5760305970907,2.36170451226644,68473.2349999016
"603",603,62.3230894133449,1.55586085352115,60293.5102785368
"604",604,71.4441503835842,2.8928972852882,69083.4806036094
"605",605,69.6975600663573,2.08113013138063,65779.2363249755
"606",606,71.4297747383825,0.538404626771808,67707.7291850382
"607",607,74.4672620110214,1.5993426789064,68959.9536731771
"608",608,70.7955749584362,0.265492943348363,67733.7619537381
"609",609,61.5955759403296,2.82108221109957,61210.3220279382
"610",610,61.6645763735287,0.0425611459650099,60203.9942904829
"611",611,64.8375679627061,1.04558871709742,62809.6714320806
"612",612,66.7299670595676,2.08429547329433,64807.5185605652
"613",613,65.3941606958397,2.60217781830579,64387.9436109269
"614",614,71.6295245368965,2.15993886860088,68413.6022051972
"615",615,74.8308538380079,2.00916626863182,69414.4986541755
"616",616,67.0079565336928,1.90297920559533,63734.9528126454
"617",617,63.3285603574477,0.118270797422156,60860.1363732622
"618",618,62.4202599092387,2.11229455587454,61673.7844753254
"619",619,72.6547319837846,1.74819030007347,69494.2640512966
"620",620,64.8496838440187,0.581260963808745,64390.0711736684
"621",621,65.4830842912197,2.78696537436917,63267.1278475918
"622",622,67.4351660446264,1.561690809438,64261.4705123548
"623",623,71.0985212246887,2.5158486336004,67326.3633694672
"624",624,72.1756275002845,1.41687678638846,68440.7253294069
"625",625,65.1877408586442,0.799062938662246,63514.474482258
"626",626,70.7402710332535,1.86384225427173,65521.8335629266
"627",627,65.6968789901584,2.22367935092188,63534.4606145112
"628",628,69.6015822491609,1.0193351469934,66164.0894828247
"629",629,61.4722975469194,1.86646488821134,61069.4754549316
"630",630,74.691194830928,0.977976629510522,69385.4778101115
"631",631,61.4208165244199,0.719882020493969,61241.4344059948
"632",632,73.4220561860129,0.621600175509229,70683.8272095694
"633",633,63.0608022687957,2.88273259601556,63077.3623075403
"634",634,73.1866367692128,0.997146301204339,68081.9594245634
"635",635,65.9325380614027,1.51237423648126,64293.083628531
"636",636,66.035137176048,1.26576664298773,63926.2829525424
"637",637,63.510713162832,1.55943005229346,62955.1835671909
"638",638,66.4428060129285,0.974776819115505,63862.8917916121
"639",639,70.1159387696534,2.23908569547348,67530.6960096675
"640",640,63.2878796984442,2.76918808906339,63087.9289250768
"641",641,70.8079819539562,0.0900605907663703,67730.4298825533
"642",642,71.0818619420752,2.62320738751441,68666.6632973333
"643",643,70.818490401376,2.38117278786376,68391.4603705642
"644",644,61.2829297971912,2.14451856748201,61958.9664841925
"645",645,73.8150943280198,1.23923199763522,69770.564004334
"646",646,64.4666844271123,2.5252041388303,61620.1749442053
"647",647,65.0555429272354,0.0112830922007561,63034.7191254599
"648",648,66.5924492278136,1.68847210099921,62496.7619103924
"649",649,74.5498536238447,2.81907795905136,68107.0860670553
"650",650,66.9656396843493,2.88069488340989,64283.1911374888
"651",651,68.2457584873773,0.553787184180692,64796.355664598
"652",652,71.2446999005042,2.34033109294251,68596.5435860703
"653",653,74.1180405681953,0.145958173088729,69848.7396319896
"654",654,65.9373730788939,1.93815052136779,63430.5831551328
"655",655,67.6752620283514,0.170383942779154,63321.0598603804
"656",656,64.273320613429,2.71273006056435,63446.899676632
"657",657,62.0413854713552,2.06060470361263,59954.3551265593
"658",658,72.370871797204,2.7549071602989,68082.3878420248
"659",659,61.7228999538347,0.824309356044978,61553.8516511835
"660",660,72.1891610105522,0.855309331789613,68809.8289638304
"661",661,66.3830348509364,0.0356732024811208,62304.327567838
"662",662,62.5026206816547,0.768454876961187,61004.5926436449
"663",663,70.5602350505069,0.0515770737547427,66182.4053892588
"664",664,71.0050423173234,2.66749945585616,69412.6833334231
"665",665,68.0765230832621,1.62159694544971,65554.3777614438
"666",666,71.6578167607076,0.822690061759204,68633.622116613
"667",667,67.2447725092061,2.70247430470772,66207.8670679963
"668",668,73.1799925109372,1.02954870066606,68142.8523507016
"669",669,73.9413708532229,2.09913139929995,70816.5191668686
"670",670,62.2131183152087,0.348891821689904,60809.2919198161
"671",671,72.7070524781011,1.45704217418097,69847.6329709455
"672",672,66.8517247578129,0.605415384750813,63024.9809433545
"673",673,66.2860595774837,1.35998471430503,64769.1557986115
"674",674,67.8940756856464,2.38861753977835,64606.469802123
"675",675,74.8334344439209,0.582941411761567,70525.8069603131
"676",676,71.9000363405794,1.61228120047599,67292.8130069286
"677",677,67.6951859369874,2.14047415740788,63879.0969096762
"678",678,66.7185830301605,2.03399618994445,64156.2194653091
"679",679,61.8393168183975,1.34177381847985,60971.6327945296
"680",680,69.6238985266536,0.680338038364425,65988.1861902065
"681",681,62.7803096212447,2.31704097124748,64272.1811686058
"682",682,71.4698841474019,1.37895790860057,67573.5308483609
"683",683,72.6102180206217,2.737236791756,69550.1040702456
"684",684,66.1641338290647,1.12645016983151,62951.9919613165
"685",685,62.7910866392776,2.63058385555632,62105.7930495322
"686",686,62.6841702992097,0.0477002235129476,60872.5858535001
"687",687,67.9781105546281,2.51892623864114,64152.2139498835
"688",688,69.5978298294358,2.52499404293485,67283.5887215162
"689",689,73.8319055191241,2.66993259172887,69891.9733753767
"690",690,66.6678985240869,0.0263353118207306,63433.0434817986
"691",691,71.3316766596399,0.0925732345785946,67708.6611937813
"692",692,70.8802899946459,1.42968058912084,67895.5994839096
"693",693,61.233774239663,1.60171896452084,61597.749437993
"694",694,66.9774120333605,0.992696498287842,64390.2331835679
"695",695,71.5440507079475,2.2495315214619,68251.0560363852
"696",696,69.7999238357879,2.51393311028369,66625.2000879136
"697",697,74.319967075251,1.05497692641802,69421.0759672916
"698",698,69.9843124630861,1.97177250520326,65510.8011224801
"699",699,67.1064556217752,1.34833405958489,63039.0316445575
"700",700,73.4410845832899,1.72968437382951,67018.0361419291
"701",701,71.9507167688571,1.51807037671097,68928.4333663506
"702",702,72.1737730908208,0.416891187429428,69503.5193117744
"703",703,63.4237867062911,0.317988382419571,62067.7171375731
"704",704,74.4364311359823,0.62374939606525,70957.2412377902
"705",705,66.0217529372312,2.96426884853281,62777.3332558216
"706",706,68.8197890948504,0.633173317881301,63872.4293065078
"707",707,62.9320168788545,2.33967003179714,62226.9191602511
"708",708,74.0185749642551,0.669773336034268,68743.5980796753
"709",709,71.0738224191591,2.58518087631091,68332.5637715113
"710",710,71.4712701383978,0.196935901651159,67368.2633604547
"711",711,74.5148323653266,1.45195789961144,69866.0540604176
"712",712,61.0499742720276,1.58875097706914,61177.1061817145
"713",713,72.1410250747576,1.58480845740996,68652.6638662368
"714",714,66.011463008821,0.0987823556642979,61705.0635562702
"715",715,61.1249655350111,1.39199832547456,61191.7164844156
"716",716,63.6202963227406,2.76184280519374,63294.8113351768
"717",717,69.2466265745461,2.50118875480257,64984.3254687498
"718",718,73.1800641282462,1.91710554831661,68880.2660519912
"719",719,71.2280477532186,1.1598558195401,67334.9667814094
"720",720,62.097026667092,0.980167533271015,62083.795844978
"721",721,65.8917370080017,2.95099234906957,63398.124958813
"722",722,69.1375254290178,2.31297611561604,65010.6533674131
"723",723,67.3028043592349,1.55188723839819,65268.2228458794
"724",724,69.4701818316244,2.01294484944083,65711.516225206
"725",725,70.8160037184134,2.1005169278942,69479.6760350773
"726",726,63.6549974759109,1.7473118158523,61617.074184132
"727",727,69.9044444300234,2.50009754556231,66521.7487110994
"728",728,62.626421877183,2.85153355496004,63943.4974703999
"729",729,73.2648055152968,0.914777622325346,69852.5210548684
"730",730,72.6258304440416,2.89241747721098,69751.6081017824
"731",731,70.3657496245578,0.470649919006974,67443.7310400252
"732",732,64.378047822509,1.32952244323678,63558.0074777231
"733",733,68.1084520947188,0.738343412987888,63473.204681291
"734",734,66.8378549679182,2.18531654938124,64214.7604780663
"735",735,66.3369884416461,1.67800700711086,63453.7789213401
"736",736,74.8877255534753,0.55601085210219,69562.719127527
"737",737,67.2671702578664,1.11584138288163,64650.9220074052
"738",738,65.0557714728639,1.0091673899442,63651.1159944849
"739",739,63.0548275122419,2.69594142283313,63212.2942625714
"740",740,63.9736670581624,1.58575128181837,61705.0939980542
"741",741,61.127465931233,1.53769469051622,61141.2581389249
"742",742,66.2279396196827,0.110839618602768,61770.1874796007
"743",743,67.9376105573028,0.178952670190483,63812.9858423137
"744",744,69.5954698319547,2.67814699513838,65916.4879292488
"745",745,62.9564066911116,1.50936013134196,62760.7374591895
"746",746,72.1195285548456,0.127342867199332,68479.1713320836
"747",747,66.901385081932,2.9131141549442,64358.8838946058
"748",748,72.1249195314012,2.42159051564522,68280.5520831059
"749",749,69.0019241385162,1.8518676739186,64530.4679834296
"750",750,71.0232346784323,2.2404129174538,68746.1754689873
"751",751,66.1828254023567,0.147373310057446,63159.1456673059
"752",752,66.4490388832055,2.73031963873655,64272.6296405023
"753",753,68.7903231731616,1.16742853657342,64717.2965771402
"754",754,71.0038997977972,0.68052886496298,66501.8764366529
"755",755,65.0963821900077,0.437297949101776,63570.0163937344
"756",756,73.0588684552349,1.32755886157975,69284.5183295554
"757",757,63.7790171415545,1.61813626019284,62023.0481703383
"758",758,64.2958622975275,1.86024492303841,63191.089260882
"759",759,70.398144394625,2.06749426410533,67707.1465453718
"760",760,65.6934495670721,2.23765440797433,64327.4690598263
"761",761,66.8964819479734,2.70753729064018,64711.2695025799
"762",762,68.9544602599926,0.183763227425516,64032.6857041233
"763",763,64.6207030061632,2.20794948167168,64147.5791418106
"764",764,69.3739253617823,0.739336940227076,66245.2499910038
"765",765,66.4962385850959,2.60840879869647,64293.0301125079
"766",766,70.6150865163654,1.75698180589825,67860.1349325564
"767",767,64.5834388523363,2.1939672420267,63066.6795020077
"768",768,62.6023280392401,0.548946864204481,61973.1740001903
"769",769,72.4272154332139,2.45787433767691,68412.4703090842
"770",770,68.4486699011177,2.74960886780173,65292.5349391323
"771",771,67.2518324060366,1.78958693146706,64000.6454258426
"772",772,69.5556322271004,1.49372183717787,64081.5035239023
"773",773,63.4958699108101,1.43610312743112,62372.3055530039
"774",774,74.0037908158265,2.11950031598099,70089.655855521
"775",775,68.3266214700416,1.55385808856227,65253.1206622841
"776",776,72.6312453756109,2.37193267350085,68561.9949060179
"777",777,62.8701957263984,0.712329604430124,60499.2549245227
"778",778,68.9032749477774,0.950709689408541,65015.8153738577
"779",779,74.1410955754109,2.2251483136788,70083.5026374094
"780",780,64.6647082064301,2.01897916593589,61835.3782339147
"781",781,74.6523064137436,0.058390773832798,69327.7415139531
"782",782,69.7880877936259,1.65954095078632,64788.4818093841
"783",783,64.7728330702521,1.11590228648856,62186.8054062548
"784",784,61.2111285147257,0.339416686445475,60413.2987490851
"785",785,70.8466691281646,1.47848041146062,66530.702867164
"786",786,66.9391408432275,2.35013563139364,63261.5275649785
"787",787,74.7142919166945,2.08767239749432,70899.8248965794
"788",788,74.067466459237,2.80292626353912,71692.1842299684
"789",789,70.0893007814884,2.92073726048693,67996.8807196082
"790",790,62.4721210631542,2.26289447257295,62836.1809716771
"791",791,64.7299305731431,2.4692282800097,62487.532429669
"792",792,73.5125823062845,0.712394673842937,68209.5305727763
"793",793,72.0850437269546,0.875705231912434,68137.9024112411
"794",794,63.0555471340194,2.26594088715501,63286.8216205238
"795",795,63.2699977681041,0.113887693500146,61030.3358290844
"796",796,71.8289139703847,2.75492104282603,68183.6100759501
"797",797,62.0876315133646,0.914804596686736,62329.1511673344
"798",798,66.5710860560648,1.70761967310682,63299.2314503465
"799",799,64.0613881731406,2.70056151389144,63503.1656856212
"800",800,61.8763525276445,1.9284062711522,61488.7736494454
"801",801,72.1714150980115,2.82480876124464,69802.4515305198
"802",802,74.9766535558738,0.717296701390296,68717.1210261016
"803",803,73.1983295539394,1.14976497553289,67826.1615264917
"804",804,65.4874057574198,2.45090597332455,64469.058239208
"805",805,67.0298309489153,2.38816799037158,63370.5748810909
"806",806,72.4587722504511,0.515138230053708,68019.2216833149
"807",807,63.7298462181352,1.37644578306936,61557.9968327869
"808",808,74.8513493291102,0.348436886211857,68859.8432253588
"809",809,68.224965157453,1.87655144208111,63169.9591806693
"810",810,64.5094858366065,2.13176908018067,63233.2876590839
"811",811,72.505491854623,1.28421058575623,68392.1569104734
"812",812,70.5800839061849,2.45697787636891,68176.9938551294
"813",813,71.1236010971479,2.57502984744497,68741.1394022825
"814",814,68.097074907273,0.797904553357512,64357.0052513336
"815",815,65.0193559047766,1.19641865626909,62863.9874769066
"816",816,71.0591185130179,0.132558213779703,67854.2598815213
"817",817,72.553907121066,1.45337270130403,68051.1148977749
"818",818,70.0037146974355,2.63216553325765,69058.4745393085
"819",819,71.4708290584385,1.08352161431685,70526.5958586969
"820",820,65.6686739092693,1.872896656394,63639.5223053848
"821",821,67.3495605136268,2.4395987202879,64122.6831939914
"822",822,72.7445505526848,0.65028326259926,68932.3368568679
"823",823,62.3300430462696,0.736787682864815,61415.2443753442
"824",824,74.24773627799,2.36356465215795,69899.1975994623
"825",825,64.5468590641394,1.75702635780908,62284.5442240035
"826",826,71.6447119372897,0.270624069962651,68484.8191588171
"827",827,71.4590091579594,1.20084255421534,66748.1100810102
"828",828,72.9843671275303,1.70603093365207,70069.6603610879
"829",829,67.6536098481156,1.00303327501751,65006.2583932512
"830",830,72.2421236746013,1.7887038832996,68736.9449006655
"831",831,71.248344488442,2.61297265975736,69015.1464020482
"832",832,64.862215927802,2.60007159970701,62284.7006853426
"833",833,64.4491339651868,0.872712329495698,62083.5481674216
"834",834,62.9726931732148,2.72357427631505,62958.561855092
"835",835,66.4416873375885,2.03366211382672,62708.1719539843
"836",836,74.6884219851345,0.376878452254459,68644.0445998164
"837",837,68.6745542935096,0.357507139211521,65108.8261628947
"838",838,72.7990743052214,0.920036753173918,68331.9770179125
"839",839,62.1003590151668,1.0923422339838,61359.6235821303
"840",840,70.446388758719,0.422224937472492,67766.5709760032
"841",841,61.4602484391071,1.12401806004345,61083.4851443694
"842",842,61.262869166676,0.893508049892262,60252.1301303415
"843",843,71.1045538103208,2.22973497211933,68204.0737959676
"844",844,62.0049351099879,1.37856212351471,59930.4917485094
"845",845,68.3161153565161,1.41630844725296,63974.3312209528
"846",846,70.7846178915352,2.79396863817237,68555.6624312661
"847",847,63.8544619786553,0.85318791330792,62209.7991661787
"848",848,70.0683149313554,1.09728326601908,66572.9325765869
"849",849,67.1757760853507,1.91498489608057,64055.2695602297
"850",850,64.4834489924833,1.58656951971352,62524.383860006
"851",851,70.0766123137437,2.67542924545705,67943.0261258206
"852",852,68.2660336829722,0.218693480361253,63528.2539215576
"853",853,63.2565867709927,2.34411094291136,63294.564503449
"854",854,64.7308250544593,0.532615639502183,63149.4957982392
"855",855,61.1307366266847,1.6840996700339,62000.4146562557
"856",856,71.0082974382676,1.93249292601831,67580.3667549092
"857",857,65.0522946743295,1.42545789247379,63143.3839061176
"858",858,65.7661457383074,0.933786017121747,62223.1684221185
"859",859,72.2619562419131,1.84991169464774,69383.1810838515
"860",860,73.586270248983,0.74962899251841,69752.2289728266
"861",861,70.8136680019088,0.434428880922496,67851.5593061147
"862",862,61.138336435426,0.306210611248389,60569.6975019638
"863",863,63.8218890503049,1.47995592327788,61911.39565186
"864",864,72.997479966376,1.62579578300938,69839.7423234232
"865",865,61.6137524237856,1.89901850209571,60580.8783145839
"866",866,73.4392213271931,1.41194271901622,69247.0894375769
"867",867,65.9073269758373,0.397676254855469,64973.4159506287
"868",868,72.7690961621702,0.18454550136812,67650.3084167128
"869",869,74.884284496773,1.58524076105095,69349.4627562626
"870",870,65.5918266689405,1.10576297482476,61731.5352739188
"871",871,65.0398728246801,2.52151593449526,62722.002044663
"872",872,67.620100914035,2.25860570766963,65442.2040544453
"873",873,74.9353910009377,2.65202654572204,70474.0019409773
"874",874,67.7783996597864,2.59677397459745,65078.6652568071
"875",875,64.0614954344928,2.89863622002304,64555.1041796493
"876",876,70.7930337190628,0.481316085672006,68585.318420441
"877",877,69.4278183891438,2.22087537520565,65761.4104644725
"878",878,69.3365353927948,2.46408875472844,66598.6980996298
"879",879,66.4359729764983,2.63143671001308,63863.4118424689
"880",880,71.2084460817277,1.23826948762871,66905.3560415428
"881",881,72.6052427021787,1.76918010273948,68154.9253206585
"882",882,67.201628160663,1.90628565475345,65125.3623957889
"883",883,73.6989583848044,2.91687460918911,69511.1309876
"884",884,70.0894587691873,1.5436872728169,67658.0192346375
"885",885,65.2816444565542,2.54659166838974,63690.7327444543
"886",886,72.3878997210413,0.122921974863857,68469.3473371248
"887",887,74.1751848831773,0.169044395908713,70469.4133530325
"888",888,73.8539742799476,0.757602710975334,68355.5421000924
"889",889,66.5530564286746,2.29724607523531,64103.3170390026
"890",890,74.000283468049,0.79257887089625,70420.6558303168
"891",891,73.8557229340076,1.46536164474674,70771.3411817347
"892",892,69.460049864836,2.26444216095842,65451.1763014843
"893",893,71.3234426379204,2.60287715960294,69315.9865712839
"894",894,65.3122182576917,1.34640456154011,62215.7181677025
"895",895,69.1486458196305,0.743357382947579,65809.8343158029
"896",896,68.6090660290793,0.979325228836387,64959.4762128819
"897",897,69.2582527259365,1.92854069103487,65913.2963570296
"898",898,64.1200069421902,1.26062838477083,62730.790557516
"899",899,73.8543918156065,2.12462587771006,70067.4045640479
"900",900,62.7578407833353,1.31362508749589,61768.1758693817
"901",901,73.7609179737046,0.730760720791295,68575.8151097999
"902",902,71.4193062018603,2.70542645989917,68441.3132053238
"903",903,73.0817758142948,0.0358529132790864,69916.3072435961
"904",904,73.8649244494736,0.297407715814188,69346.2097322735
"905",905,67.407175949309,1.83464316395111,64724.8001440486
"906",906,63.2068875888363,2.15799033385701,61586.1115691723
"907",907,72.5067291022278,2.30811009323224,69268.5915672753
"908",908,64.4553274037316,0.200919614871964,62095.6944340984
"909",909,63.3725060988218,0.0532363322563469,61935.2954877224
"910",910,64.0956925381906,2.41547732474282,63254.4120881609
"911",911,71.6747836056165,0.719954592408612,68524.646435915
"912",912,71.0445617041551,1.97181464661844,68050.7106189596
"913",913,69.0449802814983,0.399939413415268,65189.1955778384
"914",914,68.0889886803925,0.889463909436017,65566.1250160967
"915",915,70.3831148580648,1.21279294230044,67384.1206351089
"916",916,72.3072114447132,0.953968076733872,67725.4550812957
"917",917,64.6144181741402,0.563422531122342,61885.7596244804
"918",918,72.220339668449,1.13482893188484,68652.0979681715
"919",919,62.2904720432125,1.78186258580536,62139.6423313441
"920",920,69.1772197275423,2.15741697326303,65446.1208835392
"921",921,66.4209087248892,1.96123567409813,64544.7412369292
"922",922,67.0530677651986,0.808697883272544,63367.1839475821
"923",923,72.8903813119978,2.57398645137437,69675.649578032
"924",924,65.3626371365972,2.26439998322167,63834.2075550206
"925",925,62.2556349178776,0.383213590364903,60201.0558171256
"926",926,65.2402610867284,1.20885944576003,63218.0777597965
"927",927,68.341505933553,0.030870268587023,64455.9885200736
"928",928,62.6222600187175,2.61485000140965,63588.4540628563
"929",929,73.0226300805807,0.176103217760101,68207.0109196724
"930",930,72.556985410396,1.50771978520788,69689.719963123
"931",931,61.3866159720346,0.685180995846167,60775.655611189
"932",932,69.5198726528324,1.74793504667468,65752.3084914367
"933",933,63.0487779797986,1.4574118014425,62080.9625895495
"934",934,71.2304945676588,0.41900903172791,66875.3845780071
"935",935,65.5017467918806,1.49215072207153,63092.8403484086
"936",936,69.1628697682172,2.21034127171151,66137.9235293115
"937",937,70.8138339854777,2.16192255425267,69981.8250146842
"938",938,70.1889833332971,0.0652930468786508,67288.9789992945
"939",939,67.829461379908,1.29741235845722,64223.6899500675
"940",940,72.5693706837483,0.229899246012792,68193.5301196911
"941",941,63.2230752944015,1.70739469653927,62741.683593673
"942",942,66.9057354871184,1.83317949366756,63838.428945117
"943",943,69.4841557079926,2.02417502738535,64426.070050379
"944",944,69.0049034263939,2.91325199184939,66375.5384569534
"945",945,64.9067617636174,0.0721802520565689,63029.9091286068
"946",946,70.1113071301952,0.628950091777369,67871.6682614307
"947",947,73.3447576402687,2.45535579649732,70563.8153842164
"948",948,71.3067842484452,1.56652360456064,67981.1124680445
"949",949,65.7971321041696,0.233178311493248,62386.3058103352
"950",950,61.023500399664,0.932117203250527,61301.5084005762
"951",951,62.9583553820848,1.21029797103256,62400.1878198905
"952",952,62.7896289364435,2.81532390508801,61655.2629100384
"953",953,61.1601618714631,0.674491111887619,60488.8654715511
"954",954,64.1454642601311,0.239283476723358,63118.3914989301
"955",955,65.4450045228004,2.91357150650583,63832.6242569415
"956",956,74.268678038381,0.85375040746294,69143.8984347892
"957",957,71.9312015622854,0.698189596412703,67171.0198636931
"958",958,73.2250708364882,0.29170646192506,69262.916440054
"959",959,71.5022383122705,0.650205760030076,68542.5332463396
"960",960,62.7021485124715,2.2552396254614,62655.7008795612
"961",961,73.1913144541904,1.18094060523435,68908.8765064492
"962",962,62.3358171107247,0.144845938542858,61642.3315369823
"963",963,68.9006801461801,1.60955171962269,65927.777530968
"964",964,66.3220973904245,2.88580518099479,62824.9765192209
"965",965,61.3858346748166,1.66242573503405,60763.5876798993
"966",966,67.2085670991801,1.41703441925347,65244.1044840006
"967",967,71.2159756617621,1.0174269634299,68327.3599329701
"968",968,64.7576570264064,0.481270603369921,62419.1928309401
"969",969,72.7166362567805,0.796850976767018,68602.4153054058
"970",970,74.0037100063637,1.29533263645135,70245.7215517952
"971",971,67.1329886629246,2.97481287899427,64196.2222360583
"972",972,67.3582018716261,0.0014102621935308,63867.398219121
"973",973,65.0362499654293,2.87873291177675,63747.4814696024
"974",974,69.3146721613593,1.47026113118045,64835.5699526489
"975",975,64.3963677589782,2.2042803845834,62065.724405398
"976",976,74.4663451947272,1.62177581316791,70536.4774085778
"977",977,69.1150529012084,2.98022980615497,67236.786757461
"978",978,68.9399148337543,2.92877738457173,64229.5070079196
"979",979,69.3915453027003,2.88959539798088,67280.7315990559
"980",980,72.9804049115628,1.38146629929543,68327.1049231249
"981",981,64.9156382973306,2.39075183565728,63937.4662283456
"982",982,64.072061825078,2.1472774296999,62530.3298632814
"983",983,73.3869841131382,2.11528666480444,69657.2987612282
"984",984,72.4423060812987,1.29652879759669,67889.0568827679
"985",985,62.0142881427892,2.7621223682072,61865.7480468523
"986",986,65.6967714680359,1.95172188919969,63849.1296002372
"987",987,73.3398300949484,2.91709851357155,68986.5903576906
"988",988,73.1099193338305,2.44227583589964,68736.0352028161
"989",989,66.1598400077783,2.56828555371612,65255.6419162579
"990",990,73.5667646257207,2.60734341409989,69255.7940756195
"991",991,68.083776276093,2.3111183072906,64519.5059031427
"992",992,73.6477615563199,1.519638359081,68764.974002696
"993",993,68.3674249127507,0.712827506940812,65506.1581456163
"994",994,69.3273496474139,1.19153552432545,65022.3152775789
"995",995,73.4948462639004,2.80369462491944,69285.0723210766
"996",996,71.2418246176094,0.235004381043836,67344.9896450851
"997",997,65.1868916829117,2.86903534037992,63997.8873699908
"998",998,62.84510187665,2.94806974078529,61353.7409929802
"999",999,65.9503376111388,1.12069525849074,64090.0363684394
"1000",1000,65.2271643634886,0.557042230619118,62404.5322153866
